card_id,tcg,updated_at
/OnePiece/Products/Singles/500-Years-into-the-Future/MonkeyDLuffy-OP07-109-V2,OnePiece,2026-07-21 14:12:51.712+00
/OnePiece/Products/Singles/A-Fist-of-Divine-Speed-Non-English/Gear-Two-OP11-080-V2,OnePiece,2026-07-21 14:25:30.428+00
/OnePiece/Products/Singles/A-Fist-of-Divine-Speed-Non-English/Gum-Gum-Fire-Fist-Pistol-Red-Hawk-OP11-114-V2,OnePiece,2026-07-21 14:23:33.467+00
/OnePiece/Products/Singles/A-Fist-of-Divine-Speed-Non-English/Luffy-Tarou-ST18-005,OnePiece,2026-07-20 16:58:27.915+00
/OnePiece/Products/Singles/A-Fist-of-Divine-Speed-Non-English/MonkeyDLuffy-OP05-119-V1,OnePiece,2026-07-20 17:07:55.491+00
/OnePiece/Products/Singles/A-Fist-of-Divine-Speed-Non-English/MonkeyDLuffy-OP05-119-V2,OnePiece,2026-07-20 17:08:20.678+00
/OnePiece/Products/Singles/A-Fist-of-Divine-Speed-Non-English/MonkeyDLuffy-OP11-040-V2,OnePiece,2026-07-21 13:41:57.477+00
/OnePiece/Products/Singles/A-Fist-of-Divine-Speed-Non-English/MonkeyDLuffy-OP11-118-V1,OnePiece,2026-07-21 13:47:44.758+00
/OnePiece/Products/Singles/A-Fist-of-Divine-Speed-Non-English/MonkeyDLuffy-OP11-118-V2,OnePiece,2026-07-21 13:48:02.569+00
/OnePiece/Products/Singles/A-Fist-of-Divine-Speed-Non-English/MonkeyDLuffy-OP11-118-V3,OnePiece,2026-07-20 17:04:23.438+00
/OnePiece/Products/Singles/Adventure-on-Kamis-Island-Asia-Region-Legal/Don-OP15-V2,OnePiece,2026-07-21 14:28:22.962+00
/OnePiece/Products/Singles/Adventure-on-Kamis-Island-Asia-Region-Legal/MonkeyDLuffy-OP15-098-V2,OnePiece,2026-07-21 14:06:21.965+00
/OnePiece/Products/Singles/Adventure-on-Kamis-Island-Asia-Region-Legal/MonkeyDLuffy-OP15-119-V1,OnePiece,2026-07-21 14:01:59.946+00
/OnePiece/Products/Singles/Adventure-on-Kamis-Island-Asia-Region-Legal/MonkeyDLuffy-ST26-005,OnePiece,2026-07-20 16:42:32.971+00
/OnePiece/Products/Singles/Anime-25th-Collection-Japanese/MonkeyDLuffy-EB02-010-V2,OnePiece,2026-07-20 17:02:15.925+00
/OnePiece/Products/Singles/Anime-25th-Collection-Japanese/MonkeyDLuffy-EB02-061-V2,OnePiece,2026-07-21 13:52:57.102+00
/OnePiece/Products/Singles/Anime-25th-Collection-Japanese/MonkeyDLuffy-EB02-061-V3,OnePiece,2026-07-20 17:07:33.676+00
/OnePiece/Products/Singles/Anime-25th-Collection-Japanese/MonkeyDLuffy-OP05-060,OnePiece,2026-07-20 17:06:19.006+00
/OnePiece/Products/Singles/Awakening-of-the-New-Era-Japanese/MonkeyDLuffy-OP05-060-V2,OnePiece,2026-07-20 14:24:36.715+00
/OnePiece/Products/Singles/Awakening-of-the-New-Era-Japanese/MonkeyDLuffy-OP05-119-V3,OnePiece,2026-07-20 17:06:49.979+00
/OnePiece/Products/Singles/Awakening-of-the-New-Era-Japanese/MonkeyDLuffy-ST01-012-V1,OnePiece,2026-07-20 16:32:09.616+00
/OnePiece/Products/Singles/Awakening-of-the-New-Era-Japanese/MonkeyDLuffy-ST01-012-V2,OnePiece,2026-07-20 17:08:08.97+00
/OnePiece/Products/Singles/Awakening-of-the-New-Era/MonkeyDLuffy-OP05-119-V2,OnePiece,2026-07-20 17:02:23.836+00
/OnePiece/Products/Singles/Carrying-on-his-Will-Non-English/MonkeyDLuffy-OP09-119,OnePiece,2026-07-20 16:58:56.377+00
/OnePiece/Products/Singles/Carrying-on-his-Will-Non-English/MonkeyDLuffy-OP13-001-V2,OnePiece,2026-07-21 13:42:14.362+00
/OnePiece/Products/Singles/Carrying-on-his-Will-Non-English/MonkeyDLuffy-OP13-118-V1,OnePiece,2026-07-21 14:02:16.602+00
/OnePiece/Products/Singles/Carrying-on-his-Will-Non-English/MonkeyDLuffy-OP13-118-V2,OnePiece,2026-07-21 14:02:35.734+00
/OnePiece/Products/Singles/Carrying-on-his-Will-Non-English/MonkeyDLuffy-OP13-118-V3,OnePiece,2026-07-21 10:52:34.172+00
/OnePiece/Products/Singles/Carrying-on-his-Will-Non-English/MonkeyDLuffy-OP13-118-V4,OnePiece,2026-07-20 17:08:01.241+00
/OnePiece/Products/Singles/Carrying-on-his-Will-Non-English/MonkeyDLuffy-OP13-118-V5,OnePiece,2026-07-20 16:58:11.623+00
/OnePiece/Products/Singles/Carrying-on-his-Will-Non-English/St-Ethanbaron-V-Nusjuro-OP13-080-V3,OnePiece,2026-07-20 16:41:58.127+00
/OnePiece/Products/Singles/Carrying-on-his-Will-Non-English/St-Jaygarcia-Saturn-OP13-083-V3,OnePiece,2026-07-20 16:41:54.094+00
/OnePiece/Products/Singles/Carrying-on-his-Will-Non-English/St-Marcus-Mars-OP13-091-V3,OnePiece,2026-07-20 16:41:44.311+00
/OnePiece/Products/Singles/Carrying-on-his-Will-Non-English/St-Shepherd-Ju-Peter-OP13-084-V3,OnePiece,2026-07-20 16:41:50.678+00
/OnePiece/Products/Singles/Carrying-on-his-Will-Non-English/St-Topman-Warcury-OP13-089-V3,OnePiece,2026-07-20 16:41:47.177+00
/OnePiece/Products/Singles/Carrying-on-his-Will/MonkeyDLuffy-OP11-058,OnePiece,2026-07-20 16:42:52.708+00
/OnePiece/Products/Singles/Egghead-Crisis-Asia-Region-Legal/MonkeyDLuffy-EB04-061-V1,OnePiece,2026-07-21 14:01:46.39+00
/OnePiece/Products/Singles/Emperors-in-the-New-World-Non-English/MonkeyDLuffy-OP05-119,OnePiece,2026-07-20 17:03:59.901+00
/OnePiece/Products/Singles/Emperors-in-the-New-World-Non-English/MonkeyDLuffy-OP09-061-V2,OnePiece,2026-07-21 12:59:14.797+00
/OnePiece/Products/Singles/Emperors-in-the-New-World-Non-English/MonkeyDLuffy-OP09-119-V3,OnePiece,2026-07-20 17:06:28.098+00
/OnePiece/Products/Singles/Judge-Promos/MonkeyDLuffy-OP03-070,OnePiece,2026-07-20 16:42:47.743+00
/OnePiece/Products/Singles/Kingdoms-of-Intrigue-Japanese/MonkeyDLuffy-OP04-090-V2,OnePiece,2026-07-21 14:11:27.416+00
/OnePiece/Products/Singles/Learn-Together-Deck-Set-01/MonkeyDLuffy-ST21-001-V1,OnePiece,2026-07-21 13:01:44.506+00
/OnePiece/Products/Singles/One-Piece-Products/Don-2nd-English-Anniversary-4-Emperors-V2,OnePiece,2026-07-21 14:28:52.868+00
/OnePiece/Products/Singles/One-Piece-Products/DON-Kumamoto-2026-Kumamon-Luffy,OnePiece,2026-07-20 17:01:41.75+00
/OnePiece/Products/Singles/One-Piece-Products/DON-MonkeyDLuffy-SSG,OnePiece,2026-07-21 14:29:29.438+00
/OnePiece/Products/Singles/One-Piece-Products/DON-One-Piece-Day-2024,OnePiece,2026-07-21 13:00:09.797+00
/OnePiece/Products/Singles/Paramount-War-Japanese/MonkeyDLuffy-OP02-041-V2,OnePiece,2026-07-21 14:14:29.001+00
/OnePiece/Products/Singles/Paramount-War-Japanese/MonkeyDLuffy-OP02-062-V2,OnePiece,2026-07-21 14:08:25.716+00
/OnePiece/Products/Singles/Pillars-of-Strength-Japanese/Arlong-OP03-022-V2,OnePiece,2026-07-20 16:42:10.972+00
/OnePiece/Products/Singles/Pillars-of-Strength-Japanese/Charlotte-Katakuri-OP03-099-V2,OnePiece,2026-07-20 16:42:07.932+00
/OnePiece/Products/Singles/Pillars-of-Strength-Japanese/Charlotte-Linlin-OP03-077-V2,OnePiece,2026-07-20 16:42:22.091+00
/OnePiece/Products/Singles/Pillars-of-Strength-Japanese/Iceburg-OP03-058-V2,OnePiece,2026-07-20 16:42:04.149+00
/OnePiece/Products/Singles/Pillars-of-Strength-Japanese/Kuro-OP03-021-V2,OnePiece,2026-07-20 16:42:13.226+00
/OnePiece/Products/Singles/Pillars-of-Strength-Japanese/MonkeyDLuffy-ST01-012,OnePiece,2026-07-20 16:58:23.007+00
/OnePiece/Products/Singles/Pillars-of-Strength-Japanese/Nami-OP03-040-V2,OnePiece,2026-07-20 16:42:28.415+00
/OnePiece/Products/Singles/Pillars-of-Strength-Japanese/PortgasDAce-OP03-001-V2,OnePiece,2026-07-20 16:42:25.238+00
/OnePiece/Products/Singles/Pillars-of-Strength-Japanese/Rob-Lucci-OP03-076-V2,OnePiece,2026-07-20 16:42:18.177+00
/OnePiece/Products/Singles/Premium-Bandai-Products-Asia-Region-Legal/MonkeyDLuffy-OP05-119-V1,OnePiece,2026-07-20 16:58:45.838+00
/OnePiece/Products/Singles/Premium-Bandai-Products/MonkeyDLuffy-P-022,OnePiece,2026-07-21 13:43:30.646+00
/OnePiece/Products/Singles/Premium-Bandai-Products/MonkeyDLuffy-ST10-006,OnePiece,2026-07-20 17:05:18.276+00
/OnePiece/Products/Singles/Promos-Japanese/MonkeyDLuffy-P-001-V4,OnePiece,2026-07-20 16:34:30.836+00
/OnePiece/Products/Singles/Promos-Japanese/MonkeyDLuffy-P-041-V2,OnePiece,2026-07-21 12:58:47.374+00
/OnePiece/Products/Singles/Promos-Japanese/MonkeyDLuffy-P-041-V4,OnePiece,2026-07-21 13:44:12.759+00
/OnePiece/Products/Singles/Promos-Japanese/MonkeyDLuffy-P-041-V5,OnePiece,2026-07-20 16:34:40.059+00
/OnePiece/Products/Singles/Promos-Japanese/MonkeyDLuffy-P-043,OnePiece,2026-07-21 12:49:01.428+00
/OnePiece/Products/Singles/Promos-Japanese/MonkeyDLuffy-P-075,OnePiece,2026-07-20 16:56:48.696+00
/OnePiece/Products/Singles/Promos-Japanese/MonkeyDLuffy-P-075-V2,OnePiece,2026-07-20 15:13:26.788+00
/OnePiece/Products/Singles/Promos-Japanese/MonkeyDLuffy-P-075-V3,OnePiece,2026-07-21 14:17:18.46+00
/OnePiece/Products/Singles/Promos-Japanese/MonkeyDLuffy-P-080-V1,OnePiece,2026-07-20 16:38:17.52+00
/OnePiece/Products/Singles/Promos-Japanese/MonkeyDLuffy-P-080-V2,OnePiece,2026-07-20 16:58:33.741+00
/OnePiece/Products/Singles/Promos-Japanese/MonkeyDLuffy-P-106-V3,OnePiece,2026-07-21 14:14:44.84+00
/OnePiece/Products/Singles/Promos-Japanese/MonkeyDLuffy-P-108-V2,OnePiece,2026-07-20 16:59:08.127+00
/OnePiece/Products/Singles/Promos-Japanese/MonkeyDLuffy-P-108-V3,OnePiece,2026-07-20 16:59:14.863+00
/OnePiece/Products/Singles/Promos-Japanese/MonkeyDLuffy-P-110,OnePiece,2026-07-20 17:02:09.092+00
/OnePiece/Products/Singles/Promos-Japanese/MonkeyDLuffy-ST01-012-V2,OnePiece,2026-07-20 16:33:51.63+00
/OnePiece/Products/Singles/Promos/MonkeyDLuffy-P-001-V4,OnePiece,2026-07-20 17:01:09.209+00
/OnePiece/Products/Singles/Promos/MonkeyDLuffy-P-006-V2,OnePiece,2026-07-20 17:00:56.299+00
/OnePiece/Products/Singles/Promos/MonkeyDLuffy-P-033,OnePiece,2026-07-21 13:43:10.577+00
/OnePiece/Products/Singles/Promos/MonkeyDLuffy-P-037-V2,OnePiece,2026-07-20 16:31:45.488+00
/OnePiece/Products/Singles/Promos/MonkeyDLuffy-P-055-V3,OnePiece,2026-07-20 16:38:23.558+00
/OnePiece/Products/Singles/Promos/MonkeyDLuffy-P-075-V1,OnePiece,2026-07-21 14:15:49.075+00
/OnePiece/Products/Singles/Romance-Dawn-Japanese/MonkeyDLuffy-OP01-003-V2,OnePiece,2026-07-20 17:01:34.823+00
/OnePiece/Products/Singles/Romance-Dawn/DON-OP01,OnePiece,2026-07-21 13:02:15.644+00
/OnePiece/Products/Singles/Royal-Blood-Non-English/MonkeyDLuffy-OP10-111-V2,OnePiece,2026-07-21 14:13:47.104+00
/OnePiece/Products/Singles/Royal-Blood-Non-English/MonkeyDLuffy-OP10-118-V1,OnePiece,2026-07-21 13:47:00.313+00
/OnePiece/Products/Singles/Royal-Blood-Non-English/MonkeyDLuffy-OP10-118-V2,OnePiece,2026-07-21 13:46:47.802+00
/OnePiece/Products/Singles/Special-Tournament-Promos-Japanese/MonkeyDLuffy-P-001,OnePiece,2026-07-20 16:58:17.083+00
/OnePiece/Products/Singles/Special-Tournaments-Promos/DON-Gear-5,OnePiece,2026-07-21 13:02:49.153+00
/OnePiece/Products/Singles/Special-Tournaments-Promos/Don-Luffy-Dressrosa-V1,OnePiece,2026-07-21 13:00:37.8+00
/OnePiece/Products/Singles/Special-Tournaments-Promos/Don-Luffy-V1,OnePiece,2026-07-21 13:02:01.232+00
/OnePiece/Products/Singles/Special-Tournaments-Promos/Gum-Gum-Jet-Pistol-ST01-015-V1,OnePiece,2026-07-21 14:21:46.391+00
/OnePiece/Products/Singles/Special-Tournaments-Promos/MonkeyDLuffy-P-006,OnePiece,2026-07-20 17:01:29.015+00
/OnePiece/Products/Singles/Special-Tournaments-Promos/MonkeyDLuffy-P-007,OnePiece,2026-07-20 17:04:06.284+00
/OnePiece/Products/Singles/Special-Tournaments-Promos/MonkeyDLuffy-P-033-V1,OnePiece,2026-07-20 17:07:43.729+00
/OnePiece/Products/Singles/Special-Tournaments-Promos/MonkeyDLuffy-P-106-V1,OnePiece,2026-07-20 16:57:52.562+00
/OnePiece/Products/Singles/Special-Tournaments-Promos/MonkeyDLuffy-ST01-012,OnePiece,2026-07-20 16:58:51.361+00
/OnePiece/Products/Singles/Special-Tournaments-Promos/MonkeyDLuffy-ST21-014-V1,OnePiece,2026-07-20 17:06:38.898+00
/OnePiece/Products/Singles/Starter-Deck-3D2Y-Japanese/MonkeyDLuffy-ST14-001,OnePiece,2026-07-21 14:04:14.904+00
/OnePiece/Products/Singles/Starter-Deck-Egghead-Asia-Region-Legal/MonkeyDLuffy-ST29-001-V2,OnePiece,2026-07-21 14:03:26.877+00
/OnePiece/Products/Singles/Starter-Deck-Egghead-Asia-Region-Legal/MonkeyDLuffy-ST29-012-V2,OnePiece,2026-07-21 14:15:02.177+00
/OnePiece/Products/Singles/Starter-Deck-EX-Gear-5-Non-English/MonkeyDLuffy-ST21-001-V1,OnePiece,2026-07-21 12:58:17.43+00
/OnePiece/Products/Singles/Starter-Deck-EX-Gear-5-Non-English/MonkeyDLuffy-ST21-001-V2,OnePiece,2026-07-21 14:04:00.015+00
/OnePiece/Products/Singles/Starter-Deck-EX-Luffy-Ace-Asia-Region-Legal/Luffy-Ace-ST30-001-V1,OnePiece,2026-07-20 16:34:20.292+00
/OnePiece/Products/Singles/Starter-Deck-EX-Luffy-Ace-Asia-Region-Legal/Luffy-Ace-ST30-001-V2,OnePiece,2026-07-20 17:06:58.802+00
/OnePiece/Products/Singles/Starter-Deck-MonkeyDLuffy/MonkeyDLuffy-ST08-001,OnePiece,2026-07-21 12:52:48.203+00
/OnePiece/Products/Singles/Starter-Deck-Purple-Black-MonkeyDLuffy-Non-English/MonkeyDLuffy-OP09-061,OnePiece,2026-07-21 14:03:49.091+00
/OnePiece/Products/Singles/Starter-Deck-Purple-MonkeyDLuffy-Non-English/MonkeyDLuffy-OP05-060,OnePiece,2026-07-21 12:58:04.194+00
/OnePiece/Products/Singles/Starter-Deck-Straw-Hat-Crew-Non-English/MonkeyDLuffy-ST01-001,OnePiece,2026-07-21 14:06:06.127+00
/OnePiece/Products/Singles/Starter-Deck-Straw-Hat-Crew-Non-English/MonkeyDLuffy-ST01-001-V3,OnePiece,2026-07-20 16:32:01.128+00
/OnePiece/Products/Singles/STARTER-DECK-Straw-Hat-Crew/MonkeyDLuffy-ST01-001-V2,OnePiece,2026-07-20 17:04:41.732+00
/OnePiece/Products/Singles/The-Azure-Seas-Seven-Asia-Region-Legal/MonkeyDLuffy-OP14-013-V2,OnePiece,2026-07-21 14:13:18.477+00
/OnePiece/Products/Singles/The-Best-Non-English/Don-PRB-Luffy-V3,OnePiece,2026-07-21 14:26:46.891+00
/OnePiece/Products/Singles/The-Best-Non-English/Gum-Gum-Red-Roc-OP04-056-V3,OnePiece,2026-07-21 14:25:57.382+00
/OnePiece/Products/Singles/The-Best-Non-English/MonkeyDLuffy-OP01-024,OnePiece,2026-07-21 14:15:19.873+00
/OnePiece/Products/Singles/The-Best-Non-English/MonkeyDLuffy-OP05-119,OnePiece,2026-07-21 13:46:31.94+00
/OnePiece/Products/Singles/The-Best-Non-English/MonkeyDLuffy-P-055-V2,OnePiece,2026-07-21 14:18:15.196+00
/OnePiece/Products/Singles/The-Best-Vol-2-Non-English/DON-PRB02-Snakeman-V3,OnePiece,2026-07-21 14:27:48.16+00
/OnePiece/Products/Singles/The-Best-Vol-2-Non-English/Gum-Gum-Giant-OP09-078-V2,OnePiece,2026-07-21 14:24:48.717+00
/OnePiece/Products/Singles/The-Best-Vol-2-Non-English/Gum-Gum-Jet-Gatling-OP03-072-V2,OnePiece,2026-07-21 14:18:39.58+00
/OnePiece/Products/Singles/The-Best-Vol-2-Non-English/Gum-Gum-Rain-OP02-068-V2,OnePiece,2026-07-21 14:19:19.992+00
/OnePiece/Products/Singles/The-Best-Vol-2-Non-English/MonkeyDLuffy-EB02-061-V2,OnePiece,2026-07-21 13:41:30.979+00
/OnePiece/Products/Singles/The-Best-Vol-2-Non-English/MonkeyDLuffy-PRB02-005-V2,OnePiece,2026-07-21 14:14:04.482+00
/OnePiece/Products/Singles/The-Time-of-Battle-Asia-Region-Legal/MonkeyDLuffy-OP16-022-V2,OnePiece,2026-07-20 16:57:58.03+00
/OnePiece/Products/Singles/Two-Legends/MonkeyDLuffy-OP07-109,OnePiece,2026-07-20 17:01:16.295+00
/OnePiece/Products/Singles/Ultra-Deck-EX-Gear-5/MonkeyDLuffy-ST21-014-V2,OnePiece,2026-07-21 13:01:08.436+00
/OnePiece/Products/Singles/Ultra-Deck-The-Three-Brothers-Japanese/MonkeyDLuffy-ST13-003-V1,OnePiece,2026-07-21 14:07:59.52+00
/OnePiece/Products/Singles/Ultra-Deck-The-Three-Brothers-Japanese/MonkeyDLuffy-ST13-003-V2,OnePiece,2026-07-20 17:02:40.121+00
/OnePiece/Products/Singles/Ultra-Deck-The-Three-Brothers-Japanese/MonkeyDLuffy-ST13-014-V2,OnePiece,2026-07-21 14:10:15.977+00
/OnePiece/Products/Singles/Ultra-Deck-The-Three-Brothers-Japanese/MonkeyDLuffy-ST13-015-V2,OnePiece,2026-07-21 14:04:29.167+00
/OnePiece/Products/Singles/Ultra-Deck-The-Three-Captains/MonkeyDLuffy-ST10-002,OnePiece,2026-07-21 13:03:23.467+00
/OnePiece/Products/Singles/Unnumbered-Promos-Japanese/Luffy-Tarou-ST18-005-V1,OnePiece,2026-07-21 14:16:35.87+00
/OnePiece/Products/Singles/Unnumbered-Promos-Japanese/MonkeyDLuffy-EB02-010-V1,OnePiece,2026-07-20 17:05:06.023+00
/OnePiece/Products/Singles/Unnumbered-Promos-Japanese/MonkeyDLuffy-OP03-070,OnePiece,2026-07-20 17:04:52.297+00
/OnePiece/Products/Singles/Unnumbered-Promos-Japanese/MonkeyDLuffy-OP05-060-V2,OnePiece,2026-07-21 14:05:47.729+00
/OnePiece/Products/Singles/Unnumbered-Promos-Japanese/MonkeyDLuffy-OP05-119-V1,OnePiece,2026-07-20 17:02:34.866+00
/OnePiece/Products/Singles/Unnumbered-Promos-Japanese/MonkeyDLuffy-OP07-073,OnePiece,2026-07-21 13:46:10.627+00
/OnePiece/Products/Singles/Unnumbered-Promos-Japanese/MonkeyDLuffy-OP07-109,OnePiece,2026-07-20 16:57:30.156+00
/OnePiece/Products/Singles/Unnumbered-Promos-Japanese/MonkeyDLuffy-OP07-109-V1,OnePiece,2026-07-21 12:56:18.424+00
/OnePiece/Products/Singles/Unnumbered-Promos-Japanese/MonkeyDLuffy-OP09-119-V1,OnePiece,2026-07-20 17:03:27.749+00
/OnePiece/Products/Singles/Unnumbered-Promos-Japanese/MonkeyDLuffy-OP10-111-V1,OnePiece,2026-07-20 16:58:06.288+00
/OnePiece/Products/Singles/Unnumbered-Promos-Japanese/MonkeyDLuffy-ST01-001,OnePiece,2026-07-20 17:04:46.176+00
/OnePiece/Products/Singles/Unnumbered-Promos-Japanese/MonkeyDLuffy-ST10-006-V1,OnePiece,2026-07-20 17:05:01.35+00
/OnePiece/Products/Singles/Unnumbered-Promos-Japanese/MonkeyDLuffy-ST10-006-V2,OnePiece,2026-07-20 17:00:47.235+00
/OnePiece/Products/Singles/Unnumbered-Promos-Japanese/MonkeyDLuffy-ST13-003-V1,OnePiece,2026-07-21 12:57:39.059+00
/OnePiece/Products/Singles/Unnumbered-Promos-Japanese/MonkeyDLuffy-ST13-003-V3,OnePiece,2026-07-21 13:45:48.996+00
/OnePiece/Products/Singles/Unnumbered-Promos-Japanese/MonkeyDLuffy-ST13-015-V1,OnePiece,2026-07-20 16:58:41.043+00
/OnePiece/Products/Singles/Unnumbered-Promos-Japanese/MonkeyDLuffy-ST21-001-V1,OnePiece,2026-07-20 16:33:59.23+00
/OnePiece/Products/Singles/Unnumbered-Promos-Japanese/MonkeyDLuffy-ST21-014-V1,OnePiece,2026-07-21 14:16:58.775+00
/OnePiece/Products/Singles/Unnumbered-Promos/Gum-Gum-Lightning-OP09-077-V1,OnePiece,2026-07-21 13:03:38.994+00
/OnePiece/Products/Singles/Unnumbered-Promos/MonkeyDLuffy-EB02-010-V1,OnePiece,2026-07-20 17:07:49.645+00
/OnePiece/Products/Singles/Unnumbered-Promos/MonkeyDLuffy-OP07-109-V1,OnePiece,2026-07-21 13:17:00.963+00
/OnePiece/Products/Singles/Unnumbered-Promos/MonkeyDLuffy-OP09-061,OnePiece,2026-07-20 17:00:30.735+00
/OnePiece/Products/Singles/Unnumbered-Promos/MonkeyDLuffy-OP10-111-V1,OnePiece,2026-07-21 13:16:28.532+00
/OnePiece/Products/Singles/Unnumbered-Promos/MonkeyDLuffy-OP13-001-V1,OnePiece,2026-07-20 17:05:11.725+00
/OnePiece/Products/Singles/Unnumbered-Promos/MonkeyDLuffy-ST10-006-V1,OnePiece,2026-07-21 12:56:11.135+00
/OnePiece/Products/Singles/Unnumbered-Promos/MonkeyDLuffy-ST13-003-V3,OnePiece,2026-07-20 17:04:29.333+00
/OnePiece/Products/Singles/Wings-of-the-Captain-Japanese/MonkeyDLuffy-OP06-013-V2,OnePiece,2026-07-21 12:48:58.988+00
/Pokemon/Products/Singles/Gem-Pack-Vol-1/Captain-Pikachu-V9-CBB1C07,Pokemon,2026-07-20 16:40:08.44+00
/Pokemon/Products/Singles/Gem-Pack-Vol5/Captain-Pikachu-V7-CBB5C01,Pokemon,2026-07-20 16:40:18.007+00
/Pokemon/Products/Singles/MEP-Black-Star-Promos/Squirtle-MEP039,Pokemon,2026-07-20 16:41:08.701+00
/Riftbound/Products/Singles/Origins/Zhonyas-Hourglass,Riftbound,2026-07-21 13:05:16.276+00
/Riftbound/Products/Singles/Spiritforged-Promos/Boneshiver,Riftbound,2026-07-21 13:04:24.326+00
/Riftbound/Products/Singles/Spiritforged/Defiant-Dance,Riftbound,2026-07-21 13:06:23.542+00
/Riftbound/Products/Singles/Spiritforged/Irelia-Fervent-V1-Epic,Riftbound,2026-07-21 14:36:57.28+00
/Riftbound/Products/Singles/Spiritforged/Irelia-Fervent-V2-Showcase,Riftbound,2026-07-21 14:37:04.988+00
/Riftbound/Products/Singles/Spiritforged/Irelia-Fervent-V3-Showcase,Riftbound,2026-07-21 14:37:13.453+00
